Type,Name,Request Count,Failure Count,Median Response Time,Average Response Time,Min Response Time,Max Response Time,Average Content Size,Requests/s,Failures/s,50%,66%,75%,80%,90%,95%,98%,99%,99.9%,99.99%,100%
GET,/avatar/{username},54331,0,9,15.671803476340152,1.6301799996654154,484.95345399987855,277.0,87.86282324751161,0.0,9,13,17,20,33,49,78,100,220,380,480
GET,/info,4882,0,4,6.7925505147444065,0.5324489993654424,38.20632599945384,851.0,7.89505628636233,0.0,4,7,10,12,17,22,26,28,36,38,38
GET,/labels,4882,0,25,30.76088158132554,6.09828100004961,411.64381299950037,2866.145432199918,7.89505628636233,0.0,25,30,35,39,53,70,110,130,290,410,410
POST,/login,2914,0,50,58.91249617810351,7.638928999767813,814.2918009998539,381.8043925875086,4.7124526871077075,0.0,50,58,64,68,84,110,180,290,650,810,810
GET,/projects,4882,0,43,47.977749212000624,11.237411000365682,366.8929969999226,15228.775092175338,7.89505628636233,0.0,43,50,55,60,73,89,120,140,310,370,370
GET,/projects [bot],17503,0,73,88.42320031869,17.377264000060677,907.2514890003731,16048.989258984175,28.305442478533358,0.0,73,91,110,120,150,200,270,330,550,780,910
POST,/projects [create],410,0,140,138.60878447804657,40.336291999665264,402.64497099997243,1747.080487804878,0.6630424165113796,0.0,140,160,170,170,190,200,210,230,400,400,400
GET,/projects/{id},14083,0,27,31.78777514635328,6.312184000307752,493.6886260002211,1654.2481005467585,22.77469841885307,0.0,27,33,38,41,54,69,95,120,220,340,490
GET,/projects/{id}/tasks [bot],44496,0,77,91.75834931130775,18.11045100021147,958.6365770001066,27668.798408845738,71.95789113436669,0.0,77,95,110,120,160,210,270,330,560,760,960
POST,/projects/{id}/tasks [create],2003,1,84,85.20776546031381,21.870160000617034,487.0935130002181,718.6824762855716,3.2392047811519347,0.001617176625637511,84,95,100,110,120,140,160,190,270,490,490
GET,/projects/{id}/views/{view}/buckets/tasks [kanban],4059,0,72,74.17996640772796,19.317674999911105,492.278976000307,38468.142399605815,6.564119923462658,0.0,72,81,88,92,110,120,150,170,300,490,490
PUT,/projects/{id}/views/{view}/buckets/{bucket}/tasks [move],629,0,64,62.67649414466263,7.68457699996361,217.86636399974668,801.8012718600954,1.0172040975259946,0.0,64,78,86,91,100,120,130,140,220,220,220
GET,/projects/{id}/views/{view}/tasks [gantt],809,0,50,54.55368368604313,7.742104000499239,383.44736700037174,9263.12978986403,1.3082958901407464,0.0,50,58,64,67,80,99,140,180,380,380,380
GET,/projects/{id}/views/{view}/tasks [list],14703,0,58,61.224363968647744,10.535641999922518,381.43742500051303,20010.56716316398,23.777347926748327,0.0,58,67,73,78,91,110,130,160,280,380,380
GET,/tasks [bot],5833,0,90,103.82175005640798,23.914288000014494,729.988427000535,78558.61854963141,9.432991257343602,0.0,90,110,120,130,170,220,280,350,540,730,730
GET,/tasks [home],10923,0,61,65.53745312487484,16.388058999837085,391.3744820001739,39453.981964661725,17.664420281838535,0.0,61,71,77,82,97,110,140,170,300,370,390
GET,/tasks/{id},4813,0,66,68.50439908788523,15.931522999380832,388.05953200062504,1182.0172449615625,7.783471099193341,0.0,66,76,82,87,100,120,140,170,280,390,390
GET,/tasks/{id} [bot],126577,0,80,94.35708706286577,18.511027000386093,1010.287289000189,972.0485317237728,204.69736574331924,0.0,80,98,110,120,160,210,280,340,580,820,1000
PATCH,/tasks/{id} [patch],2322,0,84,93.03907926529313,12.096587000087311,644.9003400002766,669.4134366925065,3.755084124730301,0.0,84,100,120,130,170,190,230,260,450,640,640
GET,/tasks/{id}/comments,4813,0,25,30.41924480345455,5.747455999880913,454.1988239998318,163.72698940369833,7.783471099193341,0.0,25,31,36,40,52,68,94,120,340,450,450
POST,/tasks/{id}/comments [create],382,0,25,30.41519858641274,6.426239999200334,312.6129190004576,270.8089005235602,0.6177614709935293,0.0,25,31,36,39,52,66,88,100,310,310,310
POST,/tasks/{id}/labels [add],771,0,52,56.405373359279636,10.226503000012599,318.5289980001471,64.06355382619974,1.246843178366521,0.0,52,61,67,72,87,110,130,150,320,320,320
PUT,/tasks/{id}/position,1212,0,42,46.39492260560356,10.298803000296175,340.9058459992593,70.24257425742574,1.9600180702726635,0.0,42,49,55,59,73,89,130,150,220,340,340
PUT,/tasks/{id}/read,4813,0,9,15.808090888422546,1.6049930000008317,445.5585340001562,93.0,7.783471099193341,0.0,9,13,17,21,33,50,82,110,280,450,450
GET,/user,4882,0,12,17.093272595449722,1.83807000030356,288.6010760003046,595.5520278574355,7.89505628636233,0.0,12,16,19,22,32,46,74,100,210,290,290
POST,/user/token/refresh,5837,0,23,28.790311960249444,5.112975999509217,526.6377980005927,381.68870995374334,9.439459963846152,0.0,23,28,32,35,47,64,100,150,300,530,530
WS,connect+auth+subscribe,4882,0,5,6.484033142333634,1.8589496612548828,70.24884223937988,0.0,7.89505628636233,0.0,5,6,7,8,13,18,24,28,45,70,70
,Aggregated,348646,1,57,67.28567153721069,0.5324489993654424,1010.287289000189,8979.310280341664,563.8221618220157,0.001617176625637511,57,76,90,99,130,170,240,290,510,750,1000
